"Categoria","Linguagem | Área","Portfólio PSC","Projeto","Ação","Descrição","Objetivos","Metas | Resultados esperados","Valores | Diretrizes","Unidade","Período","Público Alvo","Subatividade","Público Previsto","Orçamento Previsto","Centros de Custo","Data de Início da Atividade","Necessita de inscrição prévia?","Data ideal para abertura de inscrições?"
"Projeto Local","[""Comunicação""]","Comunicação Institucional","Comunicação Integrada PSC","Planejamento e execução anual de Comunicação Integrada PSC","Garantir uma comunicação integrada e qualificada para as ações do Polo Sociocultural Sesc Paraty ao longo de 2026. A proposta contempla a contratação de serviços especializados em design gráfico, criação de peças digitais e impressas, identidade visual, fotografia, filmagem, edição de vídeos e produção gráfica para sinalização e ambientação dos espaços. Inclui ainda apoio à comunicação institucional em datas comemorativas e ações internas, além da previsão de publicações físicas ou digitais, assegurando coerência estética, visibilidade e registro das atividades no território.","Assegurar suporte técnico e criativo à comunicação institucional do PSC, promovendo a visibilidade das ações, o engajamento do público e a consolidação da imagem do Polo como referência do Departamento Nacional.","Elaborar plano de comunicação anual com foco em públicos estratégicos. Produzir e divulgar conteúdos mensais nas mídias digitais e institucionais. Monitorar indicadores de alcance, engajamento e conversão."," Qualificar e Fortalecer as Ações de Afirmação Institucional e Comunicação / Atuação em Rede","[""Santa Rita"",""Caborê"",""Administrativo""]","[""Janeiro"",""Fevereiro"",""Março"",""Abril"",""Maio"",""Junho"",""Julho"",""Agosto"",""Setembro"",""Outubro"",""Novembro"",""Dezembro""]","[""Trabalhador do Comércio de Bens, Serviços e Turismo e seus dependentes"",""Público em Geral"",""Sociedade""]","[""Conteúdo multimídia""]","150.000 pessoas alcançadas mensalmente em média","R$ 595.500,00",,,,
"Projeto Local","[""Artes Integradas""]","Comunicação Institucional","Semana S","Semana S 2026","Realizar uma programação de celebração do Sistema S no Sesc Paraty, com apresentações, oficinas, atrações infantis e ações especiais, em dois dias de atividades integradas que valorizem a cultura, a arte, o esporte, a educação e o impacto social do Sesc em Paraty.","Promover momentos de celebração e pertencimento por meio de apresentações e atividades culturais; estimular a participação ativa da comunidade local nas ações do Sesc; fortalecer a presença institucional do Sesc no território; e ampliar o acesso do público preferencial a experiências educativas, artísticas e recreativas de qualidade.",,"Foco na Clientela Preferencial  / Qualificar e Fortalecer as Ações de Afirmação Institucional  / Comunicação Atuação em Rede","[""Caborê""]","[""Maio""]","[""Clientes do Sesc"",""Trabalhador do Comércio de Bens, Serviços e Turismo e seus dependentes"",""Público em Geral"",""Sociedade""]","[""Ações mediadas""]","700 pessoas","R$ 50.000,00",,,,
"Projeto Local","[""Audiovisual""]","Difusão e acesso à cultura","Cine Sesc ","Cine Sesc Santa Rita","O Cine Sesc integra as ações do Polo Sociocultural Sesc Paraty, ampliando o acesso à linguagem audiovisual por meio de exibições de filmes, mediação cultural e atividades arte-educativas. Voltado à formação de públicos e à valorização do cinema como expressão artística, o projeto prioriza crianças, adolescentes e seus responsáveis, especialmente os trabalhadores do comércio de bens, serviços e turismo. ","Ampliar o acesso à linguagem audiovisual por meio de uma programação contínua de cinema, promovendo a formação de público, a reflexão crítica e a valorização da diversidade estética, com foco nos trabalhadores do comércio de bens, serviços e turismo e seus dependentes, estudantes da rede pública, instituições sociais e comunidades tradicionais.","Exibir no mínimo 40 sessões de cinema ao longo do ano, alcançando cerca de 1.300 pessoas. Realizar 5 ações educativas e assegurar acessibilidade comunicacional e técnica em todas as exibições.","Ampliar a participação do comercio de bens, serviços e turismo e seus dependentes; 
Fortalecer o reconhecimento do Sesc; 
Atuação em rede; 
Foco na Clientela Preferencial;
Inovação e Transformação Digital;
Qualificar e Fortalecer as Ações de Afirmação Institucional e Comunicação;","[""Santa Rita""]","[""Janeiro"",""Fevereiro"",""Março"",""Abril"",""Maio"",""Junho"",""Julho"",""Agosto"",""Setembro"",""Outubro"",""Novembro"",""Dezembro""]","[""Público em Geral""]","[""Exibição""]","  Total de atendimento: 1.300. ","R$ 74.500,00","[""AUDIOVISUAL - EXIBIÇÃO - PSC | Santa Rita"",""APOIO PROGR. FINALÍSTICA - CULTURA - PSC | Audiovisual| Sesc Santa Rita"",""COMUNICAÇÃO - PSC | Audiovisual| Sesc Santa Rita"",""AUDIOVISUAL - AÇÕES FORMATIVAS - PSC | Santa Rita"",""AUDIOVISUAL - AÇÕES MEDIADAS - PSC | Santa Rita""]",,,
"Projeto Local","[""Arte-educação""]","Difusão e acesso à cultura","Sesc Mediações","Sesc Mediações 2026 - Ações de mediação cultural e mobilização com os públicos.","O projeto promove ações de mediação cultural comunitária com foco na ampliação do acesso e na mobilização de públicos diversos, por meio de visitas mediadas, rodas de conversa, articulação territorial e garantia de traslado e alimentação. A acessibilidade é tratada de forma transversal, considerando recursos como Libras, audiodescrição, legendagem, além da promoção de acessibilidade atitudinal e econômica. As ações são voltadas a comerciários, seus dependentes, estudantes, professores, pessoas com deficiência, parceiros institucionais e outros grupos do território, assegurando participação plena e equitativa nas programações do Polo Sociocultural Sesc Paraty.","Desenvolver ações de arte-educação articuladas ao Programa Cultura por meio de mediação cultural, formação de públicos e mobilização da clientela preferencial, estimulando o pensamento crítico e a participação ativa.","Realizar a mobilização de públicos por meio da mediação territorial, contemplando pelo menos 10 comunidades e grupos diferentes no território; realizar no mínimo 60 visitas mediadas, com atendimento total de aproximadamente 1.500 pessoas.","Ampliar a participação do comercio de bens, serviços e turismo e seus dependentes; 
Fortalecer o reconhecimento do Sesc; 
Atuação em rede; 
Foco na Clientela Preferencial;
Qualificar e Fortalecer as Ações de Afirmação Institucional e Comunicação;","[""Santa Rita"",""Caborê""]","[""Janeiro"",""Fevereiro"",""Março"",""Abril"",""Maio"",""Junho"",""Julho"",""Agosto"",""Setembro"",""Outubro"",""Novembro"",""Dezembro""]","[""Trabalhador do Comércio de Bens, Serviços e Turismo e seus dependentes""]","[""Ações mediadas""]","Total de atendimento: 1500 pessoas","R$ 166.500,00","[""APOIO PROGR. FINALÍSTICA - CULTURA - PSC | Arte Educação | Sesc Santa Rita"",""APOIO PROGR. FINALÍSTICA - CULTURA - PSC | Arte Educação| Sesc Cabore"",""ARTE EDUCAÇÃO - AÇÕES FORMATIVAS - PSC | Cabore"",""ARTE EDUCAÇÃO - AÇÕES MEDIADAS - PSC | Cabore"",""ARTE EDUCAÇÃO - APRESENTAÇÕES - PSC | Cabore"",""COMUNICAÇÃO - PSC | Arte Educação| Sesc Cabore"",""COMUNICAÇÃO - PSC | Arte Educação | Sesc Santa Rita"",""ARTE EDUCAÇÃO - AÇÕES FORMATIVAS - PSC | Santa Rita"",""ARTE EDUCAÇÃO - AÇÕES MEDIADAS - PSC | Santa Rita"",""ARTE EDUCAÇÃO - APRESENTAÇÕES - PSC | Santa Rita""]",,,
"Projeto Local","[""Artes Integradas"",""Artes Cênicas"",""GEA""]","Difusão e acesso à cultura","Vozes da Memória (TSPI)","Coral Cênico","Vozes da Memória é uma atividade formativa de Trabalho Social com Pessoas Idosas (TSPI), em parceria com a Gerência de Assistência (GEA), no formato de coral cênico para público 60+. Promove convívio social, inclusão e acessibilidade, valorizando o patrimônio imaterial e as memórias por meio da arte. Com encontros semanais estimula a socialização, o bem-estar e o registro das histórias pessoais, criando conexões entre passado e presente. ","Promover o convívio social e a valorização da maturidade por meio de ações artísticas transdisciplinares voltadas a pessoas idosas, integrando música e dança com foco no bem-estar, na autoestima e na valorização da memória coletiva.
                    ","Ofertar 2 turmas anuais com 25 alunos, encontros regulares e culminância pública. Estimular autoria e memórias via rodas de conversa e apresentações com 60% da clientela preferencial.","Valores: Acolhimento/ Diversidade/ Inovação
Diretrizes estratégicas: Qualificar e Fortalecer as Ações de Afirmação Institucional e Comunicação","[""Caborê""]","[""Fevereiro"",""Março"",""Abril"",""Maio"",""Junho"",""Julho"",""Agosto"",""Setembro"",""Outubro"",""Novembro"",""Dezembro""]","[""Clientes do Sesc"",""Sociedade""]","[""Ações formativas""]","50 alunos (2 turmas de 25 alunos)","R$ 120.000,00","[""COMUNICAÇÃO - PSC | Artes Cênicas | Sesc Cabore"",""APOIO PROGR. FINALÍSTICA - CULTURA - PSC | Artes Cênicas | Sesc Cabore"",""ARTES CÊNICAS - AÇÕES FORMATIVAS - PSC - CABORÊ""]",,,
"Projeto Local","[""Literatura""]","Difusão e acesso à cultura","Sesc na Flip ","Sesc na Flip","O projeto ""Sesc na Flip"" visa fortalecer a presença do Sesc no cenário cultural nacional, impulsionar a economia criativa local e promover o acesso à cultura por meio de uma programação diversificada e inclusiva, que inclui Cafés Literários, Narrações de Histórias, Espetáculos, Performances, Exposições, Oficinas e Saraus, consolidando o Sesc como um parceiro fundamental na valorização da literatura e do desenvolvimento sociocultural de Paraty.","Fortalecer a presença institucional do Sesc durante a Festa Literária Internacional de Paraty (FLIP), por meio de ações que articulem curadoria literária, formação de leitores e valorização da produção artística e cultural brasileira, com ênfase no diálogo com a comunidade local e a clientela preferencial.","Fortalecer a presença do Sesc na FLIP com ações que articulem curadoria literária, formação de leitores e valorização da cultura brasileira, com ênfase no diálogo com a comunidade local e a clientela preferencial.","Qualificar e Fortalecer as Ações de Afirmação Institucional e Comunicação
Atuação em Rede","[""Santa Rita"",""Caborê""]","[""Julho""]","[""Público em Geral""]","[""Ações mediadas""]","10.000 atendimentos","R$ 1.728.450,00","[""APOIO PROGR. FINALÍSTICA - CULTURA - PSC | Literatura| Sesc Cabore"",""APOIO PROGR. FINALÍSTICA - CULTURA - PSC | Literatura| Sesc Santa Rita"",""AÇÕES FORMATIVAS - PSC - SANTA RITA"",""AÇÕES FORMATIVAS - PSC - CABORÊ"",""APRESENTAÇÕES - PSC - SANTA RITA"",""APRESENTAÇÕES - PSC - CABORÊ"",""AÇÕES MEDIADAS - PSC - SANTA RITA"",""AÇÕES MEDIADAS - PSC - CABORÊ"",""COMUNICAÇÃO - PSC | Literatura| Sesc Santa Rita"",""COMUNICAÇÃO - PSC | Literatura| Sesc Cabore""]",,,
"Projeto Local","[""Música""]","Difusão e acesso à cultura","Minha Música","Minha Música","Minha Música explora a relação entre música e a vida dos trabalhadores do comércio de Paraty, registrando suas histórias em uma série audiovisual a ser compartilhada em redes sociais e eventos públicos. Ambos visam envolver e fortalecer o diálogo com os públicos do Sesc.","Oferecer ao público experiências musicais diversas por meio de apresentações e encontros formativos com artistas do território e de outras regiões, promovendo o acesso à música como linguagem de fruição, formação e pertencimento cultural.","Realizar 05 entrevistas com trabalhadores do comércio para produção de 05 vídeos de memória musical e 5 audições públicas","Foco na Clientela Preferencial
Atuação em Rede","[""Santa Rita"",""Caborê""]","[""Março"",""Abril"",""Maio"",""Junho"",""Julho"",""Agosto"",""Setembro"",""Outubro"",""Novembro"",""Dezembro""]","[""Trabalhador do Comércio de Bens, Serviços e Turismo e seus dependentes"",""Clientes do Sesc"",""Público em Geral""]","[""Apresentações""]","
Minha Música | 5 audições | 20 pessoas por audição - 100 atendimentos","R$ 182.000,00","[""MÚSICA - AÇÕES FORMATIVAS - PSC | Santa Rita"",""MÚSICA - APRESENTAÇÕES - PSC | Santa Rita"",""MÚSICA - AÇÕES FORMATIVAS - PSC | Cabore"",""MÚSICA - APRESENTAÇÕES - PSC | Cabore"",""APOIO PROGR. FINALÍSTICA - CULTURA - PSC | Música| Sesc Cabore"",""APOIO PROGR. FINALÍSTICA - CULTURA - PSC | Música| Sesc Santa Rita""]",,,
"Projeto Local","[""Artes Cênicas""]","Difusão e acesso à cultura","Incentivo artístico e cultural","Palco Giratório","Na 28ª edição, o Palco Giratório é o maior projeto nacional de circulação de espetáculos, com foco na diversidade cultural. Nesta edição, promove residências artísticas em bairros periféricos para fortalecer a acessibilidade cultural, ampliando atividades formativas e de fruição em teatro, dança e circo, democratizando a cultura e valorizando redes locais.","Fortalecer a difusão das artes cênicas e o intercâmbio cultural entre artistas e comunidades por meio da participação do PSC no Circuito Nacional Palco Giratório, promovendo o acesso da população local a espetáculos e ações formativas de qualidade.","Realizar o Palco Giratório em Paraty com apresentação pública e ações paralelas. Garantir presença do público local e mediação com a clientela preferencial, com registro de participação.","Valores: acolhimento, diversidade, excelência, inovação
Diretrizes estratégicas: Atuação em Rede, Qualificar e Fortalecer as Ações de Afirmação Institucional e Comunicação e Foco na clientela preferencial","[""Caborê""]","[""Setembro""]","[""Trabalhador do Comércio de Bens, Serviços e Turismo e seus dependentes"",""Clientes do Sesc"",""Público em Geral"",""Sociedade"",""Funcionários""]","[""Incentivo artístico e cultural""]","300 atendimentos","R$ 256.020,00","[""ARTES CÊNICAS - INCENTIVO ARTÍSTICO E CULTURAL - PSC - CABORÊ"",""APOIO PROGR. FINALÍSTICA - CULTURA - PSC | Artes Cênicas | Sesc Cabore"",""COMUNICAÇÃO - PSC | Artes Cênicas | Sesc Cabore""]",,,
"Projeto Local","[""Memória e Patrimônio Social""]","Difusão e acesso à cultura","Exposições","Fazeres Daqui ","O Fazeres Daqui é um projeto que reafirma o compromisso do Sesc com a preservação e a valorização do patrimônio cultural como direito, linguagem e recurso estratégico para a construção de identidades, pertencimento e cidadania. Inserido no ciclo de Memória Social e Patrimônio, o projeto atua como espaço de ativação e difusão, transformando saberes e práticas tradicionais em experiências culturais, educativas e sensoriais com foco nas demandas dos trabalhadores do comércio e seus dependentes . Sua abordagem articula diversidade sociocultural, inovação e acessibilidade, propondo novas formas de fruição e transmissão do patrimônio para diferentes públicos, com prioridade à clientela preferencial do Sesc. Ao dar visibilidade às manifestações locais e aos seus protagonistas, o projeto contribui para fortalecer redes comunitárias, ampliar repertórios e promover uma cultura viva, crítica e inclusiva.","Consolidar a exposição Fazeres Daqui como espaço de valorização dos saberes populares e tradicionais de Paraty, promovendo a circulação de conhecimentos, a salvaguarda do patrimônio imaterial e a mediação ativa com o público do Sesc.","Implementar projeto expográfico e educativo da exposição, realizar 6 mediações temáticas, monitorar acessos da clientela preferencial e elaborar relatório anual.","Valores: Acolhimento; Diversidade; Sustentatibilidade; Inovação; Excelência.

Diretrizes: 

Foco na Clientela Preferencial – Priorizando ações voltadas aos trabalhadores do comércio e seus dependentes, garantindo sua participação ativa.

Atuação em Rede – Fortalecendo vínculos com comunidades locais, mestres e parceiros institucionais, articulando uma rede de valorização do patrimônio.

Sustentabilidade – Integra práticas culturais, educativas e ambientais que asseguram a continuidade e a preservação do patrimônio.

Qualificar e Fortalecer as Ações de Afirmação Institucional e Comunicação – Reforça o papel do Sesc como referência na preservação do patrimônio cultural, promovendo ampla visibilidade.

Inovação e Transformação Digital – Utiliza estratégias e ferramentas inovadoras para difundir conteúdos e ampliar o acesso aos registros e saberes.","[""Santa Rita""]","[""Abril"",""Maio"",""Junho"",""Julho"",""Setembro"",""Outubro"",""Novembro"",""Dezembro""]","[""Trabalhador do Comércio de Bens, Serviços e Turismo e seus dependentes"",""Clientes do Sesc"",""Público em Geral"",""Sociedade"",""Comunidade acadêmica""]","[""Exposição"",""Ações mediadas""]","10.000","R$ 679.300,00","[""MEMÓRIA SOCIAL E PATRIMÔNIO CULTURAL - EXPOSIÇÕES - PSC | SANTA RITA"",""APOIO PROGR. FINALÍSTICA - CULTURA - PSC | Patrimônio| Sesc Santa Rita"",""COMUNICAÇÃO - PSC | Patrimônio| Sesc Santa Rita""]",,,
"Projeto Local","[""Música""]","Difusão e acesso à cultura","Sonora Brasil","Sonora Brasil","O Sonora Brasil é um dos maiores e mais longevos projetos de circulação musical do Sesc, integrando o portfólio estratégico do Departamento Nacional. A cada edição, um tema orienta a curadoria nacional e a seleção de artistas, que desenvolvem apresentações inéditas alinhadas ao tema. Em 2026, na 28ª edição, o tema será “Raízes e Ritmos: Sons Afro-indígenas Históricos e Contemporâneos”, com quatro grupos selecionados para circular pelo país. A programação inclui shows e atividades formativas.","Promover a fruição musical e o acesso à diversidade sonora brasileira por meio da circulação nacional do projeto Sonora Brasil, valorizando manifestações musicais pouco difundidas e proporcionando experiências culturais qualificadas à clientela preferencial.","formativas associadas (bate-papos, mediações ou oficinas). Assegurar a presença de comerciários em pelo menos 50% do público total.","Foco na clientela principal
Atuação em rede","[""Caborê""]","[""Novembro""]","[""Trabalhador do Comércio de Bens, Serviços e Turismo e seus dependentes"",""Público em Geral"",""Clientes do Sesc""]","[""Apresentações""]","4 apresentações
200 pessoas por show
Total: 800 pessoas","R$ 420.222,00","[""MÚSICA - AÇÕES FORMATIVAS - PSC | Santa Rita"",""MÚSICA - APRESENTAÇÕES - PSC | Santa Rita"",""MÚSICA - APRESENTAÇÕES - PSC | Cabore"",""MÚSICA - AÇÕES FORMATIVAS - PSC | Cabore"",""APOIO PROGR. FINALÍSTICA - CULTURA - PSC | Música| Sesc Santa Rita"",""APOIO PROGR. FINALÍSTICA - CULTURA - PSC | Música| Sesc Cabore""]",,,
"Projeto Local","[""Artes Cênicas""]","Difusão e acesso à cultura","Incentivo artístico e cultural","Teatralidades","A ação de incentivo a produção e fruição artística local em teatro, dança, circo, performance e formas animadas, voltada a diferentes faixas etárias. Com programação regular, contribui para a formação de público da nova unidade Sesc Caborê, priorizando trabalhadores do comércio, bens e turismo. Promove o acesso à cultura, fortalece as artes cênicas e valoriza a expressão artística na comunidade.","Promover o acesso à cultura por meio do incentivo à produção e fruição artística local, contribuindo para a formação de público da unidade Sesc Caborê, com foco nos trabalhadores do comércio, bens e turismo e em diferentes faixas etárias da comunidade. Garantir ao menos 60% de participação da clientela preferencial. Oportunizar trocas entre artistas locais e produções artísticas para contribuir na cadeia produtiva da região.","Realizar ações cênicas regulares com artistas locais, formar público na unidade Sesc Caborê, ampliar o acesso à cultura e valorizar expressões artísticas de diferentes linguagens","Valores: Acolhimento, Diversidade, Excelência, Sustentabilidade
Diretrizes estratégicas: Foco na Clientela  Preferencial e Qualificar e Fortalecer as Ações de Afirmação Institucional e Comunicação 
","[""Caborê""]","[""Março"",""Maio"",""Julho"",""Setembro"",""Novembro""]","[""Trabalhador do Comércio de Bens, Serviços e Turismo e seus dependentes"",""Clientes do Sesc"",""Público em Geral"",""Funcionários"",""Imprensa e formadores de opinião"",""Sociedade""]","[""Apresentações""]","500 atendimentos","R$ 120.000,00","[""ARTES CÊNICAS - INCENTIVO ARTÍSTICO E CULTURAL - PSC - CABORÊ"",""APOIO PROGR. FINALÍSTICA - CULTURA - PSC | Artes Cênicas | Sesc Cabore"",""COMUNICAÇÃO - PSC | Artes Cênicas | Sesc Cabore""]",,,
"Projeto Local","[""Audiovisual"",""Arte-educação""]","Difusão e acesso à cultura","Cine Sesc","Cine Sesc Mirim","CineSesc Mirim é um projeto voltado à formação cultural de crianças e adolescentes por meio de sessões de cinema com mediação e atividades arte-educativas. De agosto a novembro de 2026, realizará sessões mensais em espaços externos e na Unidade Santa Rita, ativando filmes do acervo CineSesc 2026 com foco na reflexão crítica e expressão desde a infância. A iniciativa também experimenta o CineSesc Portátil, com telas infláveis para exibições em comunidades sem unidades físicas do Sesc, ampliando o acesso a experiências culturais de qualidade.","Promover a formação cultural de crianças e adolescentes por meio da exibição de filmes infantojuvenis com mediação e atividades arte-educativas, ampliando o acesso ao cinema e à reflexão crítica em territórios com pouca oferta de equipamentos culturais.","Realizar no mínimo 16 sessões de cinema em espaços externos, com estimativa de público total de aproximadamente 400 pessoas. Promover 5 ações educativas associadas às exibições e garantir acessibilidade comunicacional e técnica em todas as atividades.","Ampliar a participação dos dependentes dos trabalhadores do comercio de bens, serviços e turismo;
Fortalecer o reconhecimento do Sesc; 
Atuação em rede; 
Foco na Clientela Preferencial;
Inovação e Transformação Digital;
Qualificar e Fortalecer as Ações de Afirmação Institucional e Comunicação;","[""Santa Rita""]","[""Agosto"",""Setembro"",""Outubro"",""Novembro""]","[""Trabalhador do Comércio de Bens, Serviços e Turismo e seus dependentes"",""Público em Geral"",""Poder público""]","[""Exibição""]","400 atendimentos","R$ 110.300,00","[""APOIO PROGR. FINALÍSTICA - CULTURA - PSC | Audiovisual| Sesc Santa Rita"",""AUDIOVISUAL - EXIBIÇÃO - PSC | Santa Rita"",""AUDIOVISUAL - AÇÕES FORMATIVAS - PSC | Santa Rita"",""AUDIOVISUAL - AÇÕES MEDIADAS - PSC | Santa Rita"",""COMUNICAÇÃO - PSC | Audiovisual| Sesc Santa Rita""]",,,
"Projeto Local","[""Memória e Patrimônio Social""]","Difusão e acesso à cultura","Exposições","Parcerias 2026 - Casa do Patrimônio","Projeto local que articula documentação, formação, ações comunitárias e difusão digital para preservar saberes em articulação com instituições. Prioriza trabalhadores do comércio e dependentes, em consonância com o Foco na Clientela Preferencial, e opera em rede com comunidades. Integra sustentabilidade, inovação e comunicação institucional para gerar renda cultural, ampliar o acesso e fortalecer identidades regionais alinhadas à Programação.","Consolidar a exposição Casa do Patrimônio e Tramas Daqui como espaço de valorização dos saberes populares e tradicionais de Paraty, promovendo a circulação de conhecimentos, a salvaguarda do patrimônio imaterial e a mediação ativa com o público do Sesc.","Realizar de 2 exposições - Tramas Daqui e Fazeres Daqui, reunindo acervos dos levantamentos e inventários Sesc junto a insctituições parceiras.","Valores: Acolhimento; Diversidade; Sustentabilidade; Inovação; Excelência

Diretrizes:
Foco na Clientela Preferencial: Prioriza a participação dos trabalhadores do comércio, seus dependentes e comunidades locais nas ações do projeto.

Atuação em Rede: Fortalece parcerias entre comunidades, instituições públicas, privadas e organizações culturais.

Sustentabilidade: Promove práticas que contribuem para o desenvolvimento social, econômico e ambiental do território.

Qualificar e Fortalecer as Ações de Afirmação Institucional e Comunicação: Amplia a visibilidade do patrimônio cultural e das ações do Sesc por meio de comunicação estratégica.

Inovação e Transformação Digital: Incorporar recursos tecnológicos para potencializar a documentação, difusão e engajamento cultural.","[""Santa Rita""]","[""Março"",""Abril"",""Maio"",""Junho"",""Julho"",""Agosto"",""Setembro"",""Outubro"",""Novembro"",""Dezembro""]","[""Trabalhador do Comércio de Bens, Serviços e Turismo e seus dependentes"",""Clientes do Sesc"",""Público em Geral"",""Poder público"",""Imprensa e formadores de opinião"",""Comunidade acadêmica"",""Sociedade""]","[""Exposição"",""Educação patrimonial"",""Incentivo artístico e cultural""]","10.000","R$ 546.700,00","[""MEMÓRIA SOCIAL E PATRIMÔNIO CULTURAL - EXPOSIÇÕES - PSC | SANTA RITA"",""COMUNICAÇÃO - PSC | Patrimônio| Sesc Santa Rita"",""APOIO PROGR. FINALÍSTICA - CULTURA - PSC | Patrimônio| Sesc Santa Rita""]",,,
"Projeto Local","[""Música""]","Difusão e acesso à cultura","Toda Música","Toda Música","O Toda Música dinamiza as Unidades Santa Rita e Caborê com uma programação que abrange diversos gêneros e fazeres musicais, especialmente a música brasileira de tradição, fortalecendo a cena cultural e artística local. ","Oferecer ao público experiências musicais diversas por meio de apresentações e encontros formativos com artistas do território e de outras regiões, promovendo o acesso à música como linguagem de fruição, formação e pertencimento cultural.","Realizar 10 apresentações musicais com diversidade de gêneros e participação de artistas locais.","Foco na Clientela Preferencial
Atuação em Rede","[""Caborê"",""Santa Rita""]","[""Janeiro"",""Fevereiro"",""Março"",""Abril"",""Maio"",""Junho"",""Julho"",""Agosto"",""Setembro"",""Outubro"",""Novembro""]","[""Público em Geral"",""Trabalhador do Comércio de Bens, Serviços e Turismo e seus dependentes"",""Clientes do Sesc""]","[""Apresentações""]","Toda Música Santa Rita | 06 apresentações | 50 pessoas por apresentação - 300 atendimentos
Toda Música Cabore | 04 apresentações | 250 pessoas por apresentação - 1000 atendimentos","R$ 637.200,00","[""APOIO PROGR. FINALÍSTICA - CULTURA - PSC | Música| Sesc Santa Rita"",""MÚSICA - APRESENTAÇÕES - PSC | Santa Rita"",""COMUNICAÇÃO - PSC | Música| Sesc Cabore"",""MÚSICA - APRESENTAÇÕES - PSC | Cabore"",""COMUNICAÇÃO - PSC | Música| Sesc Santa Rita""]",,,
"Projeto Local","[""Música""]","Difusão e acesso à cultura","Estúdio Caborê","Estúdio Caborê","A partir de 2026, o Sesc Caborê contará com um estúdio de música integrado à sua estrutura. Neste primeiro ano de funcionamento, a proposta é explorar o potencial desse novo espaço como ferramenta de apoio e complementação das atividades já existentes na programação do Polo.



Com base em um levantamento a ser realizado junto à equipe do Polo Sociocultural, serão identificados projetos que poderão se beneficiar diretamente da atuação do estúdio, incorporando gravações, registros sonoros, trilhas ou outros formatos de conteúdo ao seu escopo.



Para viabilizar e qualificar essas ações, está prevista a contratação temporária de um técnico especializado, que atuará de forma dedicada no estúdio, garantindo suporte técnico e facilitando a integração com as diferentes áreas do Polo.","Implementar e operar um estúdio de gravação no Sesc Caborê, com foco na produção de conteúdos que fortaleçam, documentem e ampliem o alcance da programação e das ações desenvolvidas pela unidade.","Realizar produções musicais e podcasts ","Foco na Clientela Preferencial
Atuação em Rede","[""Caborê""]","[""Março"",""Fevereiro"",""Abril"",""Maio"",""Junho"",""Agosto"",""Setembro"",""Outubro"",""Novembro""]","[""Clientes do Sesc"",""Público em Geral"",""Trabalhador do Comércio de Bens, Serviços e Turismo e seus dependentes""]","[""Incentivo artístico e cultural""]","800 atendimentos diretos","R$ 89.500,00","[""APOIO PROGR. FINALÍSTICA - CULTURA - PSC | Música| Sesc Cabore"",""MÚSICA - AÇÕES FORMATIVAS - PSC | Cabore"",""COMUNICAÇÃO - PSC | Música| Sesc Cabore""]",,,
"Projeto Local","[""GEL""]","DPS","Recreação","Playground - Território Brincante","Projeto que propõe a instalação de brinquedos e ambientação paisagística na área externa do Sesc Caborê, com foco em espaços naturalizados. A proposta contempla ambientes lúdicos compostos por elementos como madeira, areia, água, vegetação e relevos naturais. Esses espaços promovem a conexão das crianças com a natureza, estimulam os sentidos e favorecem o desenvolvimento integral. O brincar é valorizado como linguagem central da infância. Mais do que um playground, o Território Brincante será um espaço vivo, que dialoga com o território e a cultura local.","Instalar um espaço lúdico permanente voltado à infância, promovendo o brincar livre, a convivência intergeracional e a valorização da imaginação, em ambiente seguro, criativo e acessível.","Instalar módulos de brinquedos integrados ao paisagismo do Sesc Caborê. Promover atividades de sensibilização e mediação com famílias e educadores. Garantir monitoramento semanal de uso e segurança do espaço.","Foco na Clientela Preferencial
Sustentabilidade","[""Caborê""]","[""Janeiro"",""Fevereiro"",""Março"",""Maio"",""Abril""]","[""Clientes do Sesc"",""Trabalhador do Comércio de Bens, Serviços e Turismo e seus dependentes"",""Público em Geral"",""Sociedade""]","[""Ações mediadas""]",,"R$ 409.770,00",,,,
"Projeto Local","[""GEL""]","DPS","Desenvolvimento Físico Esportivo - DFE","Exercícios Físicos Sistemáticos","O projeto visa implantar regularmente as atividades de Alongamento, Yoga e Pilates Solo no Sesc Caborê, em Paraty, a partir de 2026. As práticas serão oferecidas como parte da programação permanente da unidade, com foco na promoção do  bem-estar. As aulas ocorrerão em espaço reservado com estrutura adequada e serão conduzidas por profissionais qualificados.","Oferecer oportunidades regulares de atividade física para a promoção da saúde, da autonomia corporal e do bem-estar, com atenção à diversidade de faixas etárias e ao público prioritário do Sesc.","Manter turmas regulares de modalidades como alongamento, yoga e treinamento funcional, com frequência mínima de 60% dos inscritos. Realizar avaliações físicas semestrais e acompanhamento individualizado para os participantes.","Foco na Clientela Preferencial
","[""Caborê""]","[""Janeiro"",""Fevereiro"",""Março"",""Abril"",""Maio"",""Junho"",""Julho"",""Agosto"",""Setembro"",""Outubro"",""Novembro"",""Dezembro""]","[""Clientes do Sesc"",""Trabalhador do Comércio de Bens, Serviços e Turismo e seus dependentes"",""Público em Geral"",""Sociedade""]","[""Exercícios físicos sistemáticos""]","120 inscrições/pessoas atendidas
6 turmas
30.000 presença
","R$ 244.250,00",,,,
"Projeto Local","[""GEL""]","DPS","Desenvolvimento Físico Esportivo - DFE","Clube de Corrida","O Clube de Corrida do Sesc Caborê promove a prática orientada da corrida de rua com encontros semanais e acompanhamento profissional. A proposta inclui treinos, caminhadas, oficinas e ações educativas. Voltado a iniciantes e experientes, respeita diferentes níveis de preparo físico. As atividades acontecem em espaços urbanos e naturais de Paraty. A base do projeto é a Unidade Sesc Caborê. Além disso, o clube busca incentivar a integração social, a saúde e o bem-estar da comunidade local, promovendo um estilo de vida ativo e sustentável.","Implantar um programa continuado de corrida de rua para comerciários e seus dependentes, promovendo hábitos saudáveis, socialização e preparação para eventos esportivos.","Oferecer treinos semanais com diferentes níveis de intensidade. Garantir participação em pelo menos 2 corridas locais ou regionais. Realizar avaliação de desempenho e satisfação dos participantes."," Foco na Clientela Preferencial","[""Caborê""]","[""Janeiro"",""Fevereiro"",""Março"",""Abril"",""Maio"",""Julho"",""Junho"",""Agosto"",""Setembro"",""Outubro"",""Novembro"",""Dezembro""]","[""Clientes do Sesc"",""Trabalhador do Comércio de Bens, Serviços e Turismo e seus dependentes"",""Público em Geral"",""Sociedade""]","[""Formação esportiva""]","40 inscrições/pessoas atendidas
 2 turmas
10.000 presenças
","R$ 179.800,00",,,,
"Projeto Local","[""GSA""]","DPS","Alimentação e Nutrição ","Implementação e aprimoramento das Cafeterias ","As Unidades de Alimentação e Nutrição (UANs) serão projetadas para oferecer um serviço de qualidade e seguro, em um ambiente casual e acolhedor, com o objetivo de promover a conveniência e o bem-estar dos clientes, além de fomentar a valorização a experiência dos serviços programáticos ofertados e fortalecer a cultura alimentar e simbólica local.","Implantar e consolidar o Café Jequitibá como espaço de acolhimento, promoção da alimentação saudável e valorização da gastronomia local, integrando cultura, hospitalidade e bem-estar.","Concluir a implantação do café até o segundo semestre de 2026. Garantir funcionamento regular em pelo menos 5 dias úteis por semana. Realizar ações educativas mensais sobre alimentação consciente e ingredientes locais.",,"[""Santa Rita"",""Caborê""]","[""Janeiro"",""Fevereiro"",""Março"",""Abril"",""Maio"",""Junho"",""Julho"",""Agosto"",""Setembro"",""Outubro"",""Novembro"",""Dezembro""]","[""Clientes do Sesc"",""Trabalhador do Comércio de Bens, Serviços e Turismo e seus dependentes"",""Público em Geral"",""Sociedade""]","[""Lanche""]",,"R$ 354.000,00",,,,
"Projeto Local","[""Artes Cênicas""]","Formação em Artes","Formação e Pesquisa - Artes Cênicas","Danças Sociais","Danças Sociais é uma atividade formativa regular para trabalhadores do comércio, focada em danças brasileiras como samba de gafieira, forró, maxixe, lambada e danças afro-brasileiras. Promove diversidade, acessibilidade, saúde e bem-estar, alinhada aos ODS 3, 5 e 10, criando um ambiente sociocultural rico e acolhedor.","Oferecer experiências formativas em danças sociais com foco na valorização da cultura brasileira, na socialização entre diferentes faixas etárias e no bem-estar dos trabalhadores do comércio e seus dependentes.","Realizar 3 turmas anuais com 30 pessoas cada, garantindo 60% da clientela preferencial. Promover apresentações semestrais para valorizar, integrar e estimular a continuidade dos participantes.","Valores: Acolhimento/ Diversidade
Diretrizes estratégicas: Foco na clientela principal e Qualificar e Fortalecer as Ações de Afirmação Institucional e Comunicação","[""Caborê""]","[""Fevereiro"",""Março"",""Abril"",""Maio"",""Junho"",""Julho"",""Agosto"",""Setembro"",""Outubro"",""Novembro""]","[""Trabalhador do Comércio de Bens, Serviços e Turismo e seus dependentes"",""Clientes do Sesc"",""Público em Geral""]","[""Ações formativas""]","90 alunos (30 por turma)","R$ 145.700,00","[""ARTES CÊNICAS - AÇÕES FORMATIVAS - PSC - CABORÊ"",""APOIO PROGR. FINALÍSTICA - CULTURA - PSC | Artes Cênicas | Sesc Cabore"",""COMUNICAÇÃO - PSC | Artes Cênicas | Sesc Cabore""]",,,
"Projeto Local","[""Arte-educação"",""GEC""]","Formação em Artes","LabMais - Laboratório Sesc de Artes, Mídias, Tecnologias e Juventudes","Ações Formativas","O projeto configura-se como um espaço educativo e cultural do Sesc Paraty voltado a jovens trabalhadores do comércio de bens, serviços e turismo, e comunidades em situação de vulnerabilidade social. Promove o protagonismo juvenil por meio de ações formativas em arte, cultura e novas mídias, com foco no desenvolvimento humano e na qualificação profissional. Estimula a produção colaborativa de vídeos, podcasts, clipes e ensaios fotográficos, conectando os jovens à economia da cultura. Alinhado à missão do Sesc de promover o bem-estar social, o LABmais atua com base na diversidade e inclusão, ampliando o acesso à cultura e fortalecendo o papel dos jovens como agentes de transformação social.","Oferecer experiências criativas e formativas em linguagens artísticas e cultura digital voltadas às juventudes, promovendo a inclusão, o diálogo intergeracional e a valorização dos saberes territoriais, com foco na clientela preferencial.","Atender 800 participantes em formações presenciais e online, realizar 4 residências artísticas e consolidar plataforma digital para difusão dos produtos culturais jovens.","Ampliar a participação dos trabalhadores do comercio de bens, serviços e turismo e seus dependentes; 
Inovação e transformação Digital;
Fortalecer o reconhecimento do Sesc; 
Atuação em rede; 
Foco na Clientela Preferencial;
Qualificar e Fortalecer as Ações de Afirmação Institucional e Comunicação;","[""Caborê""]","[""Maio"",""Junho"",""Julho"",""Agosto"",""Setembro"",""Outubro"",""Novembro""]","[""Trabalhador do Comércio de Bens, Serviços e Turismo e seus dependentes""]","[""Ações formativas""]"," Total de atendimento: 800 pessoas. 
","R$ 403.400,00","[""APOIO PROGR. FINALÍSTICA - CULTURA - PSC | Arte Educação| Sesc Cabore"",""COMUNICAÇÃO - PSC | Arte Educação| Sesc Cabore"",""ARTE EDUCAÇÃO - APRESENTAÇÕES - PSC | Cabore"",""ARTE EDUCAÇÃO - AÇÕES MEDIADAS - PSC | Cabore"",""ARTE EDUCAÇÃO - AÇÕES FORMATIVAS - PSC | Cabore""]",,,
"Projeto Local","[""Literatura""]","Formação em Artes","Formação e Pesquisa - Literatura ","Arte da Palavra - Circuito de Criação Literária","Serão realizados três circuitos de Criação Literária parte do projeto nacional Arte da Palavra. O circuito de Criação Literária promove oficinas nos mais diversos formatos assumidos pela literatura. ","Estimular a criação literária e a formação de novos escritores por meio da realização de oficinas do projeto Arte da Palavra, promovendo o acesso à literatura como ferramenta de expressão e desenvolvimento pessoal entre os trabalhadores do comércio e seus dependentes.","Realizar três oficinas de criação literária, com pelo menos 20 participantes cada. Garantir que, em cada oficina, ao menos 50% dos inscritos sejam comerciários ou seus dependentes. Estimular a produção de textos autorais e promover sua circulação.","Foco na Clientela Preferencial
Atuação em Rede","[""Santa Rita""]","[""Março"",""Maio"",""Outubro""]","[""Trabalhador do Comércio de Bens, Serviços e Turismo e seus dependentes"",""Público em Geral""]","[""Ações formativas""]","20 atendimentos por oficina","R$ 64.300,00","[""APOIO PROGR. FINALÍSTICA - CULTURA - PSC | Literatura| Sesc Santa Rita"",""COMUNICAÇÃO - PSC | Literatura| Sesc Santa Rita"",""AÇÕES FORMATIVAS - PSC - SANTA RITA""]",,,
"Projeto Local","[""Literatura""]","Formação em Artes","Formação e Pesquisa - Literatura ","Arte da Palavra - Circuito de Oralidades","Serão realizadas três etapas do Circuito de Oralidades parte do projeto nacional Arte da Palavra. O Circuito de Oralidades promove apresentações de de artistas que trabalham com a palavra falada, como o slam, o rap, o repente. ","Valorizar a tradição oral e a diversidade de vozes por meio do Circuito de Oralidades do Arte da Palavra, oferecendo apresentações e rodas de conversa que estimulem a escuta, o repertório cultural e o senso crítico do público prioritário.","Realizar 5 apresentações em escolas e espaços parceiros, com público médio de 100 pessoas, garantindo ao menos 50% da clientela preferencial e promovendo interação com autores convidados e registros das falas para circulação futura.","Foco na Clientela Preferencial
Atuação em Rede","[""Santa Rita"",""Caborê""]","[""Abril"",""Junho"",""Setembro""]","[""Trabalhador do Comércio de Bens, Serviços e Turismo e seus dependentes"",""Público em Geral""]","[""Apresentações""]","100 atendimentos por apresentação na Escola
50 atendimentos por apresentação na unidade do Sesc ","R$ 64.300,00","[""APOIO PROGR. FINALÍSTICA - CULTURA - PSC | Literatura| Sesc Santa Rita"",""COMUNICAÇÃO - PSC | Literatura| Sesc Santa Rita"",""COMUNICAÇÃO - PSC | Literatura| Sesc Cabore"",""APOIO PROGR. FINALÍSTICA - CULTURA - PSC | Literatura| Sesc Cabore"",""APRESENTAÇÕES - PSC - SANTA RITA"",""APRESENTAÇÕES - PSC - CABORÊ""]",,,
"Projeto Local","[""Literatura""]","Formação em Artes","Formação e Pesquisa - Literatura ","Clube Sesc de Leitores","O Clube Sesc de Leitores é uma atividade regular que incentiva o hábito da leitura no dia a dia. Muitas vezes, valoriza-se mais a escrita, mas é importante lembrar que não se escreve sem antes ler. Por isso, o Clube propõe a leitura prévia de obras contemporâneas, com encontros para conversa e troca de ideias — sempre que possível, com a presença do próprio autor do livro.","Formar novos leitores e ampliar o repertório crítico dos participantes por meio da realização regular do Clube Sesc de Leitores, estimulando o diálogo coletivo sobre livros e a valorização da leitura como prática cultural e ferramenta de pertencimento.
","Realizar 4 ciclos de leitura anuais, com média de 25 participantes, garantindo 50% de trabalhadores do comércio e dependentes. Produzir registros das discussões para divulgação institucional e retroalimentação do projeto.","Foco na Clientela Preferencial","[""Santa Rita"",""Caborê""]","[""Março"",""Abril"",""Junho"",""Setembro"",""Novembro""]","[""Trabalhador do Comércio de Bens, Serviços e Turismo e seus dependentes"",""Público em Geral""]","[""Ações mediadas""]","25 atendimentos por ciclo","R$ 120.990,00","[""APOIO PROGR. FINALÍSTICA - CULTURA - PSC | Literatura| Sesc Santa Rita"",""APOIO PROGR. FINALÍSTICA - CULTURA - PSC | Literatura| Sesc Cabore"",""COMUNICAÇÃO - PSC | Literatura| Sesc Santa Rita"",""COMUNICAÇÃO - PSC | Literatura| Sesc Cabore"",""AÇÕES MEDIADAS - PSC - SANTA RITA"",""AÇÕES MEDIADAS - PSC - CABORÊ"",""AÇÕES FORMATIVAS - PSC - CABORÊ"",""AÇÕES FORMATIVAS - PSC - SANTA RITA"",""APRESENTAÇÕES - PSC - CABORÊ""]",,,
"Projeto Local","[""Literatura""]","Formação em Artes","Formação e Pesquisa - Literatura ","Clubinho Sesc de Leitores","Realização de mediação de leitura nas seis Bibliotecas Comunitárias de Paraty que integram a Rede Nacional de Bibliotecas Comunitárias - RNBC. ","Fomentar o hábito da leitura entre o público infantil por meio de encontros regulares nas Bibliotecas Comunitárias de Paraty, fortalecendo a mediação de leitura e a formação leitora desde a infância, com atenção ao acesso dos dependentes da clientela preferencial.","Realizar mediações de leitura nas 6 Bibliotecas Comunitárias, priorizando crianças dependentes de comerciários. Diversificar os gêneros e envolver as famílias com ações abertas e comunitárias.","Foco na Clientela Preferencial
Atuação em Rede","[""Santa Rita"",""Caborê""]","[""Janeiro"",""Fevereiro"",""Março"",""Abril"",""Maio"",""Junho"",""Julho"",""Agosto"",""Setembro"",""Outubro"",""Novembro"",""Dezembro""]","[""Trabalhador do Comércio de Bens, Serviços e Turismo e seus dependentes"",""Público em Geral""]","[""Ações mediadas""]","400 atendimentos por mês","R$ 194.400,00","[""APOIO PROGR. FINALÍSTICA - CULTURA - PSC | Literatura| Sesc Santa Rita"",""APOIO PROGR. FINALÍSTICA - CULTURA - PSC | Literatura| Sesc Cabore"",""COMUNICAÇÃO - PSC | Literatura| Sesc Cabore"",""COMUNICAÇÃO - PSC | Literatura| Sesc Santa Rita"",""AÇÕES MEDIADAS - PSC - CABORÊ"",""AÇÕES MEDIADAS - PSC - SANTA RITA""]",,,
"Projeto Local","[""Artes Cênicas""]","Formação em Artes","Formação e Pesquisa - Artes Cênicas","Circoladô","Circoladô é uma ação formativa para crianças e jovens, especialmente dependentes de comerciários, que utiliza o circo para estimular criatividade, expressão corporal, coordenação, concentração e trabalho em equipe. Promove aprendizagem lúdica e desenvolvimento social, emocional e cognitivo, oferecendo um espaço de diversão e formação integral.","Desenvolver habilidades de expressão, coordenação motora, concentração e imaginação entre crianças e jovens por meio de oficinas de circo, promovendo o lúdico e a convivência em grupo, com foco na inclusão da clientela preferencial.","Realizar oficinas regulares com até 20 crianças/adolescentes por turma, priorizando dependentes de comerciários. Fazer 2 apresentações públicas para estimular pertencimento, autoestima e criatividade.","Valores: Acolhimento/ Diversidade
Diretrizes estratégicas: Foco na clientela preferencial e Qualificar e Fortalecer as Ações de Afirmação Institucional e Comunicação","[""Caborê""]","[""Fevereiro"",""Março"",""Abril"",""Maio"",""Junho"",""Julho"",""Agosto""]","[""Trabalhador do Comércio de Bens, Serviços e Turismo e seus dependentes"",""Clientes do Sesc""]","[""Ações formativas""]","40 alunos","R$ 143.000,00","[""ARTES CÊNICAS - AÇÕES FORMATIVAS - PSC - CABORÊ"",""APOIO PROGR. FINALÍSTICA - CULTURA - PSC | Artes Cênicas | Sesc Cabore"",""COMUNICAÇÃO - PSC | Artes Cênicas | Sesc Cabore""]",,,
"Projeto Local","[""Artes Cênicas""]","Formação em Artes","Formação e Pesquisa - Artes Cênicas","Danças Livres","Danças Livres é uma oficina regular para trabalhadores do comércio, focada em qualidade de vida e bem-estar físico. A metodologia valoriza a consciência corporal e o movimento espontâneo, promovendo a descoberta da dança pessoal em um ambiente acolhedor que fortalece saúde física e emocional.","Promover o bem-estar físico e emocional dos participantes por meio de práticas regulares de Dança Livre, estimulando a criatividade corporal, o autoconhecimento e a integração entre os participantes, com atenção à inclusão de trabalhadores do comércio.
","Ofertar oficinas mensais com turmas mistas e 2 vivências abertas ao público ao ano. Avaliar a percepção de qualidade de vida dos participantes por meio de relatos e devolutivas qualitativas.     Perguntar ao ChatGPT","Valores: Acolhimento/ Diversidade
Diretrizes estratégicas: Foco na clientela principal, Qualificar e fortalecer as ações de afirmação institucional e comunicação","[""Caborê""]","[""Fevereiro"",""Março"",""Abril"",""Maio"",""Junho"",""Julho"",""Agosto"",""Setembro"",""Outubro"",""Novembro"",""Dezembro""]","[""Trabalhador do Comércio de Bens, Serviços e Turismo e seus dependentes"",""Clientes do Sesc"",""Público em Geral""]","[""Ações formativas""]","90 alunos (3 turmas de 30 aluno)","R$ 142.140,00","[""ARTES CÊNICAS - AÇÕES FORMATIVAS - PSC - CABORÊ"",""APOIO PROGR. FINALÍSTICA - CULTURA - PSC | Artes Cênicas | Sesc Cabore"",""COMUNICAÇÃO - PSC | Artes Cênicas | Sesc Cabore""]",,,
"Projeto Local","[""Literatura""]","Formação em Artes","Formação e Pesquisa - Literatura ","Residência Literária","O projeto Residência Literária se constitui em duas frentes: a escolha de um autor/autora para residir em Paraty durante três meses visando finalizar um projeto literário. Em contrapartida, o autor/autora escolhido/a oferecerá uma oficina de escrita criativa, no Polo Sociocultural, para moradores da cidade, além de realizar visitas às escolas públicas para realização de bate-papos com estudantes. ","Apoiar a produção de autores brasileiros e promover o intercâmbio literário entre escritores e leitores por meio de residências em Paraty, articulando práticas de criação, mediação e formação leitora com a realidade sociocultural do território.","Selecionar e acompanhar até 6 autores por ano. Realizar 3 ações públicas por residência, com foco em públicos prioritários. Estimular a publicação e difusão das obras resultantes no âmbito institucional do Sesc.","Fortalecer as Ações de Afirmação Institucional e Comunicação","[""Santa Rita""]","[""Setembro"",""Outubro"",""Novembro""]","[""Trabalhador do Comércio de Bens, Serviços e Turismo e seus dependentes"",""Público em Geral""]","[""Incentivo artístico e cultural""]","25 atendimentos na oficina | Um livro finalizado na residência","R$ 91.600,00","[""APOIO PROGR. FINALÍSTICA - CULTURA - PSC | Literatura| Sesc Santa Rita"",""COMUNICAÇÃO - PSC | Literatura| Sesc Santa Rita"",""INCENTIVO ARTÍSTICO E CULTURAL - PSC - SANTA RITA"",""AÇÕES FORMATIVAS - PSC - SANTA RITA""]",,,
"Projeto Local","[""Artes Cênicas""]","Formação em Artes","Formação e Pesquisa - Artes Cênicas","Formação em gestão cultural","O projeto Formação em Gestão Cultural capacita trabalhadores do comércio e agentes culturais de Paraty em planejamento, captação de recursos, legislação, comunicação e avaliação de projetos. Com duração de 6 meses, oferece aulas, oficinas, mentorias e produção colaborativa, fortalecendo o setor cultural e turístico local e contribuindo para a geração de renda.","Capacitar trabalhadores do comércio, seus dependentes e agentes culturais locais por meio de ações formativas voltadas à gestão de projetos culturais, com foco na elaboração, execução, prestação de contas e articulação institucional.","Oferecer curso de 40h para até 25 alunos, com acompanhamento de projetos autorais. Realizar apresentação pública ou publicação digital para troca entre participantes e dar visibilidade às iniciativas locais.","Valores: Acolhimento, Diversidade, Excelência, Sustentabilidade, Inovação
Diretrizes estratégicas: Qualificar e Fortalecer as Ações de Afirmação Institucional e Comunicação e Foco na clientela principal","[""Santa Rita""]","[""Abril"",""Maio"",""Junho"",""Julho"",""Agosto"",""Setembro""]","[""Trabalhador do Comércio de Bens, Serviços e Turismo e seus dependentes"",""Clientes do Sesc"",""Público em Geral""]","[""Ações formativas""]","25 alunos","R$ 91.120,00","[""ARTES CÊNICAS - AÇÕES FORMATIVAS - PSC - SANTA RITA"",""APOIO PROGR. FINALÍSTICA - CULTURA - PSC | Artes Cênicas | Sesc Santa Rita"",""COMUNICAÇÃO - PSC | Artes Cênicas | Sesc Santa Rita""]",,,
"Projeto Local","[""Memória e Patrimônio Social""]","Formação em Artes","Ações Formativas","Levantes Daqui - Introdução a preservação do patrimônio e memória","O projeto visa oferecer uma introdução aos conceitos fundamentais e ao panorama das práticas de preservação do patrimônio cultural e memória, com foco nas técnicas de restauro. Estruturado como uma iniciativa piloto, o curso pretende preparar o terreno para a implementação, em 2027, de uma formação mais ampla e contínua voltada aos ofícios e tradições do restauro. Por meio de aulas, palestras e materiais educativos personalizados, o projeto propicia a qualificação de participantes em temas essenciais para a valorização e conservação do patrimônio local, integrando teoria e prática em diálogo com as necessidades regionais.","Oferecer formação introdutória sobre preservação do patrimônio cultural para estudantes, educadores e trabalhadores do comércio, com foco na educação patrimonial, legislação, instrumentos de preservação e valorização dos bens culturais materiais e imateriais.","Realizar 8 aulas e 6 palestras para 100 participantes, com avaliação inicial e final, e elaborar material de apoio impresso e digital com conteúdo técnico acessível.","O curso prioriza trabalhadores do comércio e seus dependentes, ampliando seu acesso a conhecimentos sobre patrimônio e memória.

Utiliza recursos audiovisuais e materiais personalizados para inovar na transmissão dos saberes.

Fortalece o Sesc como referência em educação patrimonial por meio de conteúdos de qualidade e comunicação estruturada.

Atua em rede com especialistas e instituições para promover a troca de saberes em preservação e restauro.","[""Santa Rita""]","[""Abril"",""Maio"",""Junho""]","[""Trabalhador do Comércio de Bens, Serviços e Turismo e seus dependentes""]","[""Ações formativas"",""Educação patrimonial""]","300","R$ 98.730,00","[""APOIO PROGR. FINALÍSTICA - CULTURA - PSC | Patrimônio| Sesc Santa Rita"",""MEMÓRIA SOCIAL E PATRIMÔNIO CULTURAL - AÇÕES FORMATIVAS - PSC | SANTA RITA"",""COMUNICAÇÃO - PSC | Patrimônio| Sesc Santa Rita""]",,,
"Projeto Local","[""Artes Visuais""]","Formação em Artes","Formação e Pesquisa - Artes Visuais","Curso Livre de Desenho","Com foco na formação de longa duração, o curso livre de desenho estimula o desenvolvimento do olhar e da expressão gráfica por meio da experimentação de diferentes técnicas e linguagens. Voltado a iniciantes e pessoas interessadas em aprofundar suas práticas, valoriza o processo criativo e a construção de uma relação sensível com o ato de desenhar. Reconhecendo o desenho como um importante segmento da economia criativa, o curso amplia as possibilidades de atuação profissional e geração de renda. ","Oferecer um espaço contínuo de aprendizado em artes visuais estimulando a expressão individual, a criatividade e o repertório artístico de comerciários, dependentes e demais públicos interessados.","Oferecer turmas regulares, garantindo 60% de comerciários e dependentes e realizar mostra dos trabalhos ao fim de cada ciclo formativo.","Acolhimento
Inovação","[""Caborê""]","[""Maio"",""Junho"",""Julho"",""Agosto"",""Setembro"",""Outubro"",""Novembro"",""Dezembro""]","[""Trabalhador do Comércio de Bens, Serviços e Turismo e seus dependentes"",""Clientes do Sesc"",""Público em Geral""]","[""Ações formativas""]","100 alunos","R$ 172.000,00","[""APOIO PROGR. FINALÍSTICA - CULTURA - PSC | Artes Visuais| Sesc Cabore"",""ARTES VISUAIS - AÇÕES FORMATIVAS - PSC - CABORÊ"",""ARTES VISUAIS - EXPOSIÇÃO - PSC - SANTA RITA""]","05/05/2026",,"10/04/2026"
"Projeto Local","[""Artes Visuais""]","Formação em Artes","Formação e Pesquisa - Artes Visuais","Curso Livre de Cerâmica","Voltado à iniciação e capacitação técnica no universo da cerâmica, o curso propõe a exploração das múltiplas possibilidades do material, tanto em seu uso utilitário quanto artístico. A ação sistemática busca aproximar a comunidade de um segmento relevante da economia criativa, promovendo autonomia e expressão. ","Estimular a expressão artística e o desenvolvimento de habilidades técnicas por meio da prática da cerâmica, oferecendo espaço formativo acessível a comerciários, dependentes e demais interessados, com ênfase na experimentação e na fruição estética.","Oferecer turmas regulares de iniciação à cerâmica, com 60% de clientela preferencial, e realizar mostra final para valorizar e compartilhar os trabalhos criados.","Acolhimento
Inovação
Foco na clientela preferencial ","[""Caborê""]","[""Agosto"",""Setembro"",""Outubro"",""Novembro"",""Dezembro""]","[""Trabalhador do Comércio de Bens, Serviços e Turismo e seus dependentes"",""Clientes do Sesc"",""Público em Geral""]","[""Ações formativas""]","30 alunos","R$ 145.680,00","[""APOIO PROGR. FINALÍSTICA - CULTURA - PSC | Artes Visuais| Sesc Cabore"",""ARTES VISUAIS - AÇÕES FORMATIVAS - PSC - CABORÊ"",""COMUNICAÇÃO - PSC | Artes Visuais| Sesc Cabore""]",,,
"Projeto Local","[""Artes Visuais""]","Formação em Artes","Formação e Pesquisa - Artes Visuais","Entre: Arte","Oficinas que acompanham as exposições realizadas ao longo do ano no Sesc Paraty. Ministradas por profissionais convidados, as oficinas envolvem atividades práticas e reflexivas que incentivam a criatividade, o pensamento crítico e o diálogo com as obras em exibição. As ações funcionam como espaços acessíveis de aprendizado e experimentação para todos os públicos. ","Oferecer oficinas práticas e reflexivas em diálogo com exposições em cartaz no PSC, promovendo o acesso às artes visuais contemporâneas e ampliando os repertórios estéticos e críticos dos participantes, especialmente da clientela preferencial.","Realizar 4 oficinas ligadas às exposições, priorizando escolas, grupos comunitários e instituições sociais, com ao menos 60% de participação de comerciários ou dependentes.","Acolhimento
Inovação
Foco na clientela preferencial","[""Caborê""]","[""Junho"",""Agosto"",""Novembro""]","[""Trabalhador do Comércio de Bens, Serviços e Turismo e seus dependentes"",""Clientes do Sesc"",""Público em Geral""]","[""Ações formativas""]","60 alunos","R$ 89.400,00","[""APOIO PROGR. FINALÍSTICA - CULTURA - PSC | Artes Visuais| Sesc Cabore"",""ARTES VISUAIS - AÇÕES FORMATIVAS - PSC - CABORÊ"",""COMUNICAÇÃO - PSC | Artes Visuais| Sesc Cabore""]",,,
"Projeto Local","[""Artes Visuais""]","Formação em Artes","Formação e Pesquisa - Artes Visuais","Oficinas de Férias","Durante os meses de janeiro, julho e dezembro, oferecendo uma programação diversificada para crianças e jovens. Com atividades lúdicas em técnicas como pintura, desenho, escultura, colagem e fotografia, estimulando a criatividade, a expressão artística e a convivência. Criam um ambiente inspirador, onde os participantes exploram talentos, trocam experiências e vivenciam um período de férias com significado cultural e educativo. ","Oferecer uma programação lúdica e formativa nos períodos de férias escolares, promovendo o acesso à cultura, ao lazer criativo e ao convívio coletivo entre crianças, adolescentes e suas famílias, com atenção aos dependentes de trabalhadores do comércio.","Realizar oficinas em janeiro, julho e dezembro, atendendo ao menos 60 participantes ao longo do ano, priorizando famílias comerciárias.","Acolhimento
Inovação
Foco na clientela preferencial ","[""Caborê""]","[""Janeiro"",""Julho"",""Dezembro""]","[""Trabalhador do Comércio de Bens, Serviços e Turismo e seus dependentes"",""Clientes do Sesc"",""Público em Geral""]","[""Ações formativas""]","60 pessoas","R$ 52.300,00","[""APOIO PROGR. FINALÍSTICA - CULTURA - PSC | Artes Visuais| Sesc Cabore"",""ARTES VISUAIS - AÇÕES FORMATIVAS - PSC - CABORÊ"",""COMUNICAÇÃO - PSC | Artes Visuais| Sesc Cabore""]",,,
"Projeto Local","[""Artes Visuais""]","Formação em Artes","Formação e Pesquisa - Artes Visuais","Ateliê Aberto","O Ateliê Aberto oferece atividades artísticas para o público espontâneo, com acesso livre e autonomia. Realizado semanalmente, o projeto propicia a investigação e a descoberta, promovendo um ambiente educativo, acolhedor e de trocas entre os participantes. A proposta incentiva o uso criativo de diferentes materiais e linguagens, contribuindo para a iniciação artística. ","Oferecer um espaço acessível para práticas livres em artes visuais, incentivando a inovação, a troca de saberes e o desenvolvimento da criatividade, com atendimento contínuo à clientela preferencial e ao público espontâneo.","Espaço aberto aos sábados para público geral, monitorando a frequência e o perfil dos participantes, buscando engajamento qualificado da clientela prioritária e ampliação do vínculo com o PSC.","Acolhimento
Inovação
Foco na clientela preferencial ","[""Caborê""]","[""Agosto"",""Setembro"",""Outubro"",""Novembro"",""Dezembro""]","[""Trabalhador do Comércio de Bens, Serviços e Turismo e seus dependentes"",""Clientes do Sesc"",""Público em Geral""]","[""Ações formativas""]","300 participantes","R$ 78.320,00","[""APOIO PROGR. FINALÍSTICA - CULTURA - PSC | Artes Visuais| Sesc Cabore"",""ARTES VISUAIS - AÇÕES FORMATIVAS - PSC - CABORÊ"",""COMUNICAÇÃO - PSC | Artes Visuais| Sesc Cabore""]",,,
"Projeto Local","[""Artes Visuais""]","Formação em Artes","Formação e Pesquisa - Artes Visuais","Residência Artística","Como parte do projeto Arte Sesc, promovido pelo Departamento Nacional, a residência artística propõe um espaço de criação, intercâmbio e experimentação voltado à produção contemporânea no contexto latino-americano. A residência favorece o diálogo entre linguagens e o compartilhamento de repertórios culturais, incentivando processos colaborativos e a construção de redes que contribuam para a valorização da diversidade e da complexidade do imaginário latino-americano. ","Ampliar o acesso do público local a processos artísticos contemporâneos por meio da realização de residência artística vinculada ao circuito Arte Sesc, promovendo a mediação cultural, o diálogo com a cidade e o fortalecimento do vínculo com a clientela preferencial.","Realizar residência com duração mínima de 15 dias. Ampliar o envolvimento do público comerciário e seus dependentes por meio de visitas mediadas e registros avaliativos da experiência.","Acolhimento
Inovação
Foco na clientela preferencial","[""Caborê""]","[""Agosto"",""Setembro""]","[""Trabalhador do Comércio de Bens, Serviços e Turismo e seus dependentes"",""Clientes do Sesc"",""Público em Geral""]","[""Ações formativas""]","30 pessoas","R$ 22.000,00","[""APOIO PROGR. FINALÍSTICA - CULTURA - PSC | Artes Visuais| Sesc Cabore"",""ARTES VISUAIS - AÇÕES FORMATIVAS - PSC - CABORÊ"",""COMUNICAÇÃO - PSC | Artes Visuais| Sesc Cabore""]",,,
"Projeto Local","[""Memória e Patrimônio Social"",""GEL""]","Formação em Artes","Ações formativas","Educação Patrimonial e Turismo Social","O projeto Educação Patrimonial e Turismo Social é uma iniciativa que transforma o patrimônio cultural e a biodiversidade de Paraty em experiências educativas e turísticas que promovem pertencimento, inclusão e uso sustentável do território. Em 2026, as ações conectam os resultados dos levantamentos patrimoniais realizados pelo do Sesc, em materiais educativos e ações formativas orientados ao turismo social e à educação patrimonial com foco no público comerciário e seus dependentes. Essa estratégia integra memória social, saberes tradicionais e ações socioambientais, posicionando o Sesc como agente articulador e inovador na promoção da diversidade, sustentabilidade e do bem-estar dos trabalhadores do comércio e suas comunidades.","Transformar o patrimônio cultural de Paraty em eixo estruturante para ações educativas e de turismo social, promovendo o pertencimento e a valorização do território entre comerciários, estudantes e moradores locais, com base nos levantamentos do projeto Levantes Daqui.","Elaboração e impressão de material educativo, junto a formação para mediadores de turismo social. Realizar 4 ações educativas com escolas e instituições culturais.","Foco na Clientela Preferencial – Prioriza trabalhadores do comércio e seus dependentes como protagonistas das ações educativas e turísticas.

Atuação em Rede – Conecta comunidades tradicionais, instituições culturais e parceiros locais para criar experiências colaborativas.

Sustentabilidade – Fortalece práticas sociais e ambientais que garantem a preservação do território e das culturas locais.

Qualificar e Fortalecer as Ações de Afirmação Institucional e Comunicação – Posiciona o Sesc como referência em turismo social e educação patrimonial por meio de ações visíveis e de impacto.

Valores: Acolhimento; Sustentabilidade; Diversidade; Excelência, Inovação
","[""Santa Rita""]","[""Setembro"",""Outubro"",""Novembro""]","[""Trabalhador do Comércio de Bens, Serviços e Turismo e seus dependentes""]","[""Educação patrimonial"",""Ações formativas"",""Conteúdo multimídia""]","350","R$ 293.650,00","[""MEMÓRIA SOCIAL E PATRIMÔNIO CULTURAL - AÇÕES FORMATIVAS - PSC | SANTA RITA"",""COMUNICAÇÃO - PSC | Patrimônio| Sesc Santa Rita"",""APOIO PROGR. FINALÍSTICA - CULTURA - PSC | Patrimônio| Sesc Santa Rita""]",,,
"Projeto Local","[""Música""]","Formação em Artes","Formação e Pesquisa - Música","Formação e Pesquisa - Música","A programação de cursos de música do Sesc Caborê para 2026 foca na iniciação musical e no bem-estar dos trabalhadores do comércio e seus familiares. Serão oferecidos cursos introdutórios sem necessidade de experiência prévia: Flauta Doce e Percussão Brasileira (timbal, pandeiro, tamborim, etc.). Haverá ainda o curso de Música e Construção de Instrumentos, abordando cultura popular e confecção de instrumentos. Mensalmente, oficinas de experimentação musical trarão artistas convidados para novas vivências musicais.","Oferecer formação musical continuada a públicos diversos, com foco no desenvolvimento técnico e expressivo de crianças, jovens e adultos, em diálogo com o território e priorizando o acesso de trabalhadores do comércio e seus dependentes.","Realizar cursos regulares com pelo menos 60% das vagas ocupadas por comerciários e seus dependentes. Incluir turmas de musicalização infantil, coral e instrumentos variados. Promover ao menos 2 apresentações públicas dos alunos por ano.","Foco na clientela preferencial.","[""Caborê""]","[""Maio"",""Junho"",""Agosto"",""Setembro"",""Outubro"",""Novembro"",""Março"",""Abril""]","[""Trabalhador do Comércio de Bens, Serviços e Turismo e seus dependentes"",""Clientes do Sesc"",""Público em Geral""]","[""Ações formativas""]","Flauta Doce e Percussão Brasileira
15 pessoas por turma | maio a dezembro (2h por aula, 2x por semana)
Atendimento por mês: 240

Construção de instrumentos
15 pessoas por turma | Julho a dezembro (2h por aula, 2x por semana)
Atendimento por mês: 240

Oficinas de experimentação
15 pessoas por oficina | 1x por mês a partir de maio | 3h por oficina
Atendimento por mês: 45","R$ 173.500,00","[""MÚSICA - AÇÕES FORMATIVAS - PSC | Santa Rita"",""MÚSICA - AÇÕES FORMATIVAS - PSC | Cabore"",""APOIO PROGR. FINALÍSTICA - CULTURA - PSC | Música| Sesc Cabore"",""APOIO PROGR. FINALÍSTICA - CULTURA - PSC | Música| Sesc Santa Rita""]",,,
"Projeto Local","[""Arte-educação""]","Formação em Artes","Sesc Mediações","Sesc Mediações 2026 - Formação em Mediação Cultural e Produção de Materiais Educativos","O projeto oferece um ciclo formativo contínuo para qualificação de mediadores culturais do Polo Sociocultural Sesc Paraty. Com cursos e práticas, visa fortalecer a arte-educação e a mediação cultural no território. Aborda temas como acessibilidade e mediação para diferentes públicos. Destaque para o curso anual de Mediação Cultural das Artes, com 8 módulos híbridos. Também prevê a produção de materiais educativos, integrados ao Programa Cultura do Sesc e aos direitos culturais.","Desenvolver ações de arte-educação em diálogo com as demais áreas do Programa Cultura, promovendo a formação de mediadores e o uso de materiais educativos produzidos no âmbito do projeto, com foco na ampliação do acesso, na formação de público e no fortalecimento da Rede Sesc de Arte Educação.

","Executar ciclos de mediação em pelo menos 6 projetos desenvolvidos pelo PSC. Formar 10 mediadores culturais locais e produzir materiais educativos (físicos e digitais) com distribuição a um público mínimo de 800 pessoas.","Ampliar a participação dos trabalhadores do comercio de bens, serviços e turismo e seus dependentes; 
Inovação e transformação Digital;
Fortalecer o reconhecimento do Sesc; 
Atuação em rede; 
Foco na Clientela Preferencial;
Qualificar e Fortalecer as Ações de Afirmação Institucional e Comunicação;","[""Santa Rita"",""Caborê""]","[""Maio"",""Junho"",""Julho"",""Agosto"",""Setembro"",""Outubro"",""Novembro""]","[""Funcionários"",""Poder público""]","[""Ações formativas""]","100 atendimentos","R$ 138.000,00","[""APOIO PROGR. FINALÍSTICA - CULTURA - PSC | Arte Educação| Sesc Cabore"",""COMUNICAÇÃO - PSC | Arte Educação| Sesc Cabore"",""ARTE EDUCAÇÃO - AÇÕES MEDIADAS - PSC | Cabore"",""ARTE EDUCAÇÃO - AÇÕES FORMATIVAS - PSC | Cabore"",""ARTE EDUCAÇÃO - APRESENTAÇÕES - PSC | Cabore""]",,,
"Projeto Local","[""Artes Visuais""]","Formação em Artes","Formação e Pesquisa - Artes Visuais","Curso Livre de Bordado","Espaço de encontro para a técnica do bordado, valorizando histórias individuais e coletivas, e aproximando os participantes da cultura e memória de Paraty. O curso propõe o bordar como ato de memória e criação poética, explorando referências da cidade, seu patrimônio histórico, cultura caiçara, festas populares, natureza e saberes tradicionais.","Estimular a expressão artística e o desenvolvimento de habilidades técnicas por meio da prática do bordado, oferecendo espaço formativo acessível a comerciários, dependentes e demais interessados, com ênfase na experimentação e na fruição estética.","Oferecer turmas regulares de iniciação ao bordado, com 60% de clientela preferencial, e realizar mostra final para valorizar e compartilhar os trabalhos criados.","Acolhimento
Inovação
Foco na clientela preferencial","[""Caborê""]","[""Março"",""Abril"",""Maio"",""Junho"",""Agosto"",""Setembro"",""Outubro"",""Novembro"",""Dezembro""]","[""Trabalhador do Comércio de Bens, Serviços e Turismo e seus dependentes"",""Clientes do Sesc"",""Público em Geral""]","[""Ações formativas""]","15 alunos",,"[""ARTES VISUAIS - AÇÕES FORMATIVAS - PSC - CABORÊ"",""APOIO PROGR. FINALÍSTICA - CULTURA - PSC | Artes Visuais| Sesc Cabore"",""COMUNICAÇÃO - PSC | Artes Visuais| Sesc Cabore""]","04/03/2026","Sim","19/02/2026"
"Projeto Local","[""Arte-educação"",""GEA""]","Incubadora de Tecnologias Sociais","TSG (Juventudes)","Na Real 2026","O projeto Na Real 2026, será desenvolvido pelo Polo Sociocultural (PSC) e Trabalho Social com Grupos (TSG), visa fomentar ações criadas por e para jovens, por meio de um percurso formativo que combina oficinas e conteúdos teórico com vivências práticas no território. 
As temáticas principais a serem desenvolvidas são: empreendedorismo social e economia da cultura. A proposta surge a partir da escuta ativa de jovens e lideranças locais, que apontaram a ausência de formações conectadas as realidades e aos potenciais de seus territórios.  
Alinhado às diretrizes institucionais do Sesc, que reconhecem o segmento juventude como público das ações do TSG, o projeto Na Real será direcionado especialmente a jovens comerciários ou dependentes dos trabalhadores do comércio de bens, serviços e turismo, sem desconsiderar a possibilidade de inclusão de outros jovens do território, fortalecendo a diversidade e a equidade no acesso às ações. ","Promover percursos formativos voltados às juventudes de Paraty, articulando saberes territoriais, cultura digital, empreendedorismo e inovação social, com foco no fortalecimento da autonomia, do protagonismo juvenil e da inclusão da clientela preferencial.","Realizar 5 oficinas formativas com turmas de 25 jovens trabalhadores do comércio. Desenvolver 5 protótipos de tecnologias sociais e apresentar os resultados no Fórum Regional de Juventudes.","Ampliar a participação dos trabalhadores do comercio de bens, serviços e turismo e seus dependentes; 
Fortalecer o reconhecimento do Sesc; 
Atuação em rede; 
Foco na Clientela Preferencial;
Qualificar e Fortalecer as Ações de Afirmação Institucional e Comunicação;","[""Caborê""]","[""Julho"",""Agosto"",""Setembro"",""Outubro""]","[""Trabalhador do Comércio de Bens, Serviços e Turismo e seus dependentes""]","[""Ações formativas""]","  20 a 25 atendimentos","R$ 230.000,00","[""APOIO PROGR. FINALÍSTICA - CULTURA - PSC | Arte Educação| Sesc Cabore"",""COMUNICAÇÃO - PSC | Arte Educação| Sesc Cabore"",""ARTE EDUCAÇÃO - AÇÕES FORMATIVAS - PSC | Cabore"",""ARTE EDUCAÇÃO - AÇÕES MEDIADAS - PSC | Cabore""]",,,
"Rotina Administrativa","[""Núcleo de Manutenção""]","Operações e Processos","Manutenções PSC","Rotina administrativa.","Custeio da Manutenção do Polo Sociocultural Sesc Paraty, atendendo as três Unidades, incluindo a abertura do Sesc Caborê. Unidades atendidas: Sesc Administração, base administrativa - R. Marechal Santos Dias, 43 - Centro Histórico, Sesc Santa Rita - R. Dona Geralda, 320 - Centro Histórico e Sesc Caborê - Av. Otávio Gama, 1709 - Caborê.","Assegurar as condições físicas, operacionais e técnicas necessárias ao funcionamento pleno do Polo Sociocultural Sesc Paraty, garantindo qualidade, segurança e continuidade na oferta de atividades culturais e educativas à clientela preferencial.","Executar plano de manutenção preventiva e corretiva das unidades Santa Rita e Caborê. Monitorar e registrar as ações em relatório trimestral. Reduzir o tempo médio de resposta a demandas estruturais em pelo menos 20% em relação ao ano anterior.","Infraestrutura e operações.","[""Santa Rita"",""Caborê"",""Administrativo""]","[""Janeiro"",""Fevereiro"",""Março"",""Abril"",""Maio"",""Junho"",""Julho"",""Agosto"",""Setembro"",""Outubro"",""Novembro"",""Dezembro""]",,,,"R$ 10.426.664,20",,,,
"Rotina Administrativa","[""Gerência""]","Operações e Processos","Custeio da Gerência ","Rotina administrativa.","Custeio da Gerência do Polo Sociocultural Sesc Paraty, atendendo as três Unidades: Sesc Administração, base administrativa - R. Marechal Santos Dias, 43 - Centro Histórico, Sesc Santa Rita - R. Dona Geralda, 320 - Centro Histórico e Sesc Caborê - Av. Otávio Gama, 1709 - Caborê.","Viabilizar o funcionamento institucional da gerência do PSC, garantindo as condições logísticas, operacionais e de pessoal necessárias à execução e ao acompanhamento das ações previstas no plano anual do Polo.","Assegurar a execução de 100% dos contratos e demandas administrativas sob responsabilidade da gerência. Realizar reuniões de planejamento com periodicidade mensal. Monitorar o cumprimento dos cronogramas estratégicos e dos compromissos institucionais.","Infraestrutura e operações.","[""Santa Rita"",""Caborê"",""Administrativo""]","[""Janeiro"",""Fevereiro"",""Março"",""Abril"",""Maio"",""Junho"",""Julho"",""Agosto"",""Setembro"",""Outubro"",""Novembro"",""Dezembro""]",,,,"R$ 285.000,00",,,,
"Projeto Local","[""Memória e Patrimônio Social""]","Salvaguarda do Patrimônio Cultural","Ações Formativas e Pesquisa","Levantes Daqui - Etnobotânicas","Mapeamento participativo, registro e ativação dos conhecimentos etnobotânicos presentes entre povos indígenas, quilombolas, caiçaras e demais comunidades tradicionais de Paraty. Valoriza usos de plantas para cura, alimentação, rituais e bem-estar comunitário, conectando esses saberes ao turismo social, à educação e à preservação da biodiversidade regional.","Mapear, documentar e valorizar os saberes etnobotânicos do território de Paraty, promovendo sua preservação e acesso pela clientela preferencial, por meio de vivências culturais, registros digitais e ações de formação voltadas ao turismo social sustentável e à educação patrimonial.","Realizar 350 atendimentos presenciais com comerciários e dependentes, 6 vivências culturais, produzir kit técnico e 10 vídeos, integrando registros ao banco digital Fazeres Daqui para público ampliado.","Foco na Clientela Preferencial (comerciários e dependentes).
Inovação e Transformação Digital (integração dos registros à base digital do Sesc / Fazeres Daqui).
Qualificar e Fortalecer as Ações de Afirmação Institucional e Comunicação (visibilidade, materiais educativos, conteúdos audiovisuais).
Atuação em Rede (Sesc +comerciários + comunidades + parceiros de pesquisa + setor de turismo social).","[""Santa Rita""]","[""Fevereiro"",""Novembro"",""Março"",""Abril"",""Maio"",""Junho"",""Julho"",""Agosto"",""Setembro"",""Outubro""]","[""Trabalhador do Comércio de Bens, Serviços e Turismo e seus dependentes; Público em Geral; Clientes do Sesc; Comunidade acadêmica; Sociedade""]","[""Educação patrimonial"",""Ações mediadas""]","350","R$ 151.220,00","[""MEMÓRIA SOCIAL E PATRIMÔNIO CULTURAL - EDUCAÇÃO PATRIMONIAL - PSC | SANTA RITA"",""COMUNICAÇÃO - PSC | Patrimônio| Sesc Santa Rita"",""APOIO PROGR. FINALÍSTICA - CULTURA - PSC | Patrimônio| Sesc Santa Rita""]",,,
"Projeto Local","[""Literatura""]","Salvaguarda do Patrimônio Cultural","Territórios do Pensar - Literatura","Territórios do Pensar","O projeto Territórios do Pensar tem como objetivo fortalecer o diálogo com as comunidades, entendendo o Sesc como parte ativa da realidade social e cultural do Brasil. Para isso, promove debates, oficinas, atividades artísticas e ações voltadas à valorização da memória local.

A proposta é ampliar os temas trabalhados sempre de forma coletiva, partindo da ideia de que, ao conhecer melhor a própria cultura e o lugar onde se vive, é possível também compreender melhor o mundo — sem precisar abrir mão das raízes e da identidade do território.","Fortalecer o diálogo entre literatura, filosofia e território por meio de ciclos de leitura, encontros com autores e atividades formativas, com foco em estudantes da rede pública e dependentes da clientela preferencial, estimulando o pensamento crítico e a escuta ativa.
","Realizar 4 ciclos formativos em escolas públicas, com no mínimo 100 alunos. Viabilizar participação de autores convidados, presenciais ou online. Produzir material pedagógico e relatos das experiências para uso institucional.","Foco na Clientela Preferencial 
Qualificar e Fortalecer as Ações de Afirmação Institucional","[""Santa Rita"",""Caborê""]","[""Março"",""Abril"",""Maio"",""Junho"",""Julho"",""Agosto"",""Setembro"",""Outubro"",""Novembro""]","[""Trabalhador do Comércio de Bens, Serviços e Turismo e seus dependentes"",""Público em Geral""]","[""Ações formativas""]","200 atendimentos, em média, por mês. ","R$ 386.660,00","[""APOIO PROGR. FINALÍSTICA - CULTURA - PSC | Literatura| Sesc Santa Rita"",""APOIO PROGR. FINALÍSTICA - CULTURA - PSC | Literatura| Sesc Cabore"",""COMUNICAÇÃO - PSC | Literatura| Sesc Cabore"",""COMUNICAÇÃO - PSC | Literatura| Sesc Santa Rita"",""APRESENTAÇÕES - PSC - SANTA RITA"",""APRESENTAÇÕES - PSC - CABORÊ"",""AÇÕES FORMATIVAS - PSC - CABORÊ"",""AÇÕES FORMATIVAS - PSC - SANTA RITA"",""AÇÕES MEDIADAS - PSC - SANTA RITA"",""AÇÕES MEDIADAS - PSC - CABORÊ""]",,,
"Projeto Local","[""Memória e Patrimônio Social""]","Salvaguarda do Patrimônio Cultural","Ações Formativas e Pesquisa"," Levantes Daqui - Inventário Sonoro 2026","Dar continuidade à produção do Inventário Sonoro, ampliando o acervo com o registro de 8 personalidades da ciranda e do fandango caiçara, incluindo mestres vivos e registros in memoriam. A proposta valoriza os modos de vida e a memória cultural, indo além da performance musical para preservar histórias, danças e tradições da cultura caiçara.","Dar continuidade à produção do Inventário Sonoro da cidade de Paraty, registrando e valorizando expressões sonoras e musicais tradicionais por meio da escuta ativa, pesquisa de campo e criação de conteúdos digitais acessíveis à clientela preferencial e ao público em geral.","Produzir 8 documentários; montar exposição itinerante com 2.000 visitantes; publicar acervo online acessível, com engajamento da clientela preferencial garantido.","Foco na Clientela Preferencial: aproximação de comerciários e dependentes por meio do acesso a documentários, encontros e ações culturais.

Inovação e Transformação Digital: acervo audiovisual ampliado e acessível em plataformas digitais do Sesc.

Qualificar e Fortalecer Ações de Afirmação Institucional e Comunicação: difusão da cultura caiçara e fortalecimento da identidade local.

Atuação em Rede: articulação com mestres, comunidades, pesquisadores e artistas da região.","[""Santa Rita""]","[""Fevereiro"",""Março"",""Abril"",""Maio"",""Junho"",""Agosto"",""Julho""]","[""Trabalhador do Comércio de Bens, Serviços e Turismo e seus dependentes; Clientes do Sesc; Público em Geral; Funcionários; Imprensa e formadores de opinião; Comunidade acadêmica; Sociedade""]","[""Educação patrimonial"",""Ações mediadas"",""Ações formativas""]","2300","R$ 248.450,00","[""MEMÓRIA SOCIAL E PATRIMÔNIO CULTURAL - EDUCAÇÃO PATRIMONIAL - PSC | SANTA RITA"",""COMUNICAÇÃO - PSC | Patrimônio| Sesc Santa Rita"",""APOIO PROGR. FINALÍSTICA - CULTURA - PSC | Patrimônio| Sesc Santa Rita""]",,,
"Projeto Local","[""Memória e Patrimônio Social""]","Salvaguarda do Patrimônio Cultural","Ações Formativas e Pesquisa","Levantes Daqui - Levante dos Tambores","Iniciativa de pesquisa participativa e valorização do patrimônio, com foco nos tambores e expressões rítmicas locais. Em 2026, o projeto desenvolverá um ciclo de ações que inclui a investigação dos tambores de candombe do acervo do Museu, a confecção de réplicas, entrevistas com mestres e guardiões da memória, além do trabalho de manifestações em apagamento, como a folia de reis do Quilombo do Campinho e a congada de Taquari. Alinhado à missão do Sesc de promover ações socioeducativas que contribuam para o bem-estar social, a qualidade de vida e a valorização da diversidade sociocultural, o projeto envolve trabalhadores do comércio, seus dependentes e a comunidade em oficinas, encontros e residências com percussionistas de diferentes regiões do Brasil. A partir dessa escuta ativa e da produção de conteúdos, serão gerados, no segundo ano, uma exposição e materiais educativos que fortalecem a identidade cultural, o sentimento de pertencimento e a sustentabilidade regional, conectando a memória local a práticas contemporâneas de educação patrimonial e cultura.","Promover a valorização de expressões culturais afro-brasileiras presentes no território de Paraty por meio de pesquisa documental e ações formativas sobre tambores, musicalidades e práticas de resistência cultural.
","Realizar 3 pesquisas com registros audiovisuais, entrevistas e rodas de conversa; produzir catálogo digital, minidocumentário e 2 oficinas com mestres locais e comerciários.","Foco na Clientela Preferencial – Envolve trabalhadores do comércio, seus dependentes e comunidade em ações culturais e formativas.

Inovação e Transformação Digital – Utiliza registros audiovisuais e tecnologias para atualizar e difundir saberes tradicionais.

Qualificar e Fortalecer as Ações de Afirmação Institucional e Comunicação – Reforça a imagem do Sesc como agente de preservação cultural e educação patrimonial.

Atuação em Rede – Estabelece parcerias com comunidades, artistas e instituições para fortalecer ações colaborativas.","[""Santa Rita""]","[""Fevereiro"",""Março"",""Abril"",""Maio"",""Junho"",""Julho"",""Agosto"",""Setembro"",""Outubro"",""Novembro""]","[""Trabalhador do Comércio de Bens, Serviços e Turismo e seus dependentes"",""Clientes do Sesc"",""Público em Geral"",""Sociedade""]","[""Educação patrimonial"",""Ações formativas""]","450","R$ 170.000,00","[""APOIO PROGR. FINALÍSTICA - CULTURA - PSC | Patrimônio| Sesc Santa Rita"",""MEMÓRIA SOCIAL E PATRIMÔNIO CULTURAL - EDUCAÇÃO PATRIMONIAL - PSC | SANTA RITA"",""COMUNICAÇÃO - PSC | Patrimônio| Sesc Santa Rita""]",,,
"Projeto Local","[""Artes Cênicas""]","Salvaguarda do Patrimônio Cultural","Formação e Pesquisa - Artes Cênicas","Decanto de Dança","Decanto de Dança incentiva o contato com a dança valorizando o corpo integrado ao espaço e à identidade cultural de Paraty. Foca nas performances tradicionais e memórias locais, promovendo conexão com expressões regionais e ampliando a compreensão do corpo como símbolo cultural e histórico.","Fomentar as expressões corporais negras e indígenas da localidade por meio da realização de residências artísticas, formações e apresentações públicas, promovendo a valorização das corporeidades plurais e a ampliação do repertório estético do público atendido.","Ofertar oficinas e residências com artistas e moradores, garantindo ampla presença da clientela preferencial. Realizar 2 apresentações públicas gratuitas e estimular novos trabalhos a partir das trocas geradas.","Valores: Diversidade, excelência, Inovação
Diretrizes estratégicas: Qualificar e fortalecer as ações de afirmação institucional e comunicação","[""Caborê""]","[""Fevereiro"",""Março"",""Abril"",""Maio"",""Junho"",""Julho"",""Agosto""]","[""Clientes do Sesc"",""Sociedade"",""Comunidade acadêmica"",""Público em Geral"",""Trabalhador do Comércio de Bens, Serviços e Turismo e seus dependentes""]","[""Incentivo artístico e cultural""]","60 alunos (2 turmas de 30 alunos)","R$ 172.600,00","[""ARTES CÊNICAS - AÇÕES FORMATIVAS - PSC - CABORÊ"",""APOIO PROGR. FINALÍSTICA - CULTURA - PSC | Artes Cênicas | Sesc Cabore"",""COMUNICAÇÃO - PSC | Artes Cênicas | Sesc Cabore""]",,,
"Projeto Local","[""Memória e Patrimônio Social"",""Artes Cênicas"",""Arte-educação""]","Salvaguarda do Patrimônio Cultural","Incentivo Artístico e Cultural","Fazeres Daqui - Publicação Levante do Boi","Publicação impressa de obra inédita sobre o Boi de Pano de Paraty, desaparecido por 40 anos. Resulta do projeto ""Levante do Boi"", com artigos de historiadores, IPHAN e fotos de Ratão Diniz. Documenta a pesquisa e reintrodução da festa, servindo como referência para valorização da cultura popular.","Contribuir com a salvaguarda do patrimônio imaterial do território por meio da publicação de uma obra inédita sobre o Boi de Pano Paraty, valorizando os saberes locais e promovendo sua difusão entre comerciários, estudantes e o público em geral.","Publicar e distribuir 1.000 exemplares para escolas, bibliotecas e unidades do Sesc. Realizar 3 lançamentos com mediação de leitura e disponibilizar versão digital no site institucional.","Valores: Diversidade, excelência, Inovação
Diretrizes estratégicas: Qualificar e Fortalecer as Ações de Afirmação Institucional e Comunicação e Foco na clientela Preferencial","[""Caborê""]","[""Janeiro"",""Fevereiro"",""Março"",""Abril"",""Maio"",""Junho"",""Julho"",""Agosto"",""Setembro"",""Outubro"",""Novembro""]","[""Trabalhador do Comércio de Bens, Serviços e Turismo e seus dependentes"",""Clientes do Sesc"",""Público em Geral"",""Imprensa e formadores de opinião"",""Sociedade""]","[""Incentivo artístico e cultural""]","5.000 leitores","R$ 209.000,00","[""MEMÓRIA SOCIAL E PATRIMÔNIO CULTURAL - EDUCAÇÃO PATRIMONIAL - PSC | CABORÊ"",""APOIO PROGR. FINALÍSTICA - CULTURA - PSC | Patrimônio| Sesc Cabore"",""COMUNICAÇÃO - PSC | Patrimônio| Sesc Cabore""]",,,
"Projeto Local","[""Memória e Patrimônio Social""]","Salvaguarda do Patrimônio Cultural","Ações formativas e mediadas","Parcerias 2026 - Casa do Patrimônio","Projeto local que articula documentação, formação, ações comunitárias e difusão digital para preservar saberes em articulação com instituições. Prioriza trabalhadores do comércio e dependentes, em consonância com o Foco na Clientela Preferencial, e opera em rede com comunidades. Integra sustentabilidade, inovação e comunicação institucional para gerar renda cultural, ampliar o acesso e fortalecer identidades regionais alinhadas à Programação.","Desenvolver ações formativas e mediadas por meio de parcerias estratégicas com instituições do campo do patrimônio e da cultura, fortalecendo a atuação territorial do PSC e ampliando o acesso da clientela preferencial a conteúdos qualificados.","Firmar 5 parcerias, realizar 8 oficinas e 5 rodas de conversa com parceiros, além de produzir materiais de apoio e relatórios colaborativos de avaliação e registro.","Valores: Acolhimento; Diversidade; Sustentabilidade; Inovação; Excelência

Diretrizes:
Foco na Clientela Preferencial: Prioriza a participação dos trabalhadores do comércio, seus dependentes e comunidades locais nas ações do projeto.

Atuação em Rede: Fortalece parcerias entre comunidades, instituições públicas, privadas e organizações culturais.

Sustentabilidade: Promove práticas que contribuem para o desenvolvimento social, econômico e ambiental do território.

Qualificar e Fortalecer as Ações de Afirmação Institucional e Comunicação: Amplia a visibilidade do patrimônio cultural e das ações do Sesc por meio de comunicação estratégica.

Inovação e Transformação Digital: Incorporar recursos tecnológicos para potencializar a documentação, difusão e engajamento cultural.
","[""Santa Rita""]","[""Setembro"",""Outubro"",""Novembro"",""Julho"",""Abril"",""Maio""]","[""Trabalhador do Comércio de Bens, Serviços e Turismo e seus dependentes"",""Clientes do Sesc"",""Público em Geral"",""Poder público"",""Entidades sindicais ou associações representativas dos trabalhadores do comércio de bens, serviços e turismo e centrais sindicais"",""Imprensa e formadores de opinião"",""Comunidade acadêmica"",""Sociedade""]","[""Educação patrimonial""]","700","R$ 328.250,00","[""MEMÓRIA SOCIAL E PATRIMÔNIO CULTURAL - AÇÕES FORMATIVAS - PSC | SANTA RITA"",""MEMÓRIA SOCIAL E PATRIMÔNIO CULTURAL - EDUCAÇÃO PATRIMONIAL - PSC | SANTA RITA"",""COMUNICAÇÃO - PSC | Patrimônio| Sesc Santa Rita"",""APOIO PROGR. FINALÍSTICA - CULTURA - PSC | Patrimônio| Sesc Santa Rita""]",,,
"Projeto Local","[""Memória e Patrimônio Social""]","Salvaguarda do Patrimônio Cultural","Exposições Santa Rita","Exposição 80 anos","A exposição integra as celebrações dos 80 anos do Sesc, destacando o comércio como espaço de encontros, trocas e construção coletiva. Mais do que a circulação de mercadorias, o comércio carrega histórias de convivência, saberes e afetos, conectando culturas e modos de vida. Partindo de Paraty como exemplo vivo dessas relações, a mostra percorre das antigas rotas do ouro, café e cachaça às feiras e festas populares, revelando como as trocas — materiais ou simbólicas — estruturam comunidades e identidades. A proposta convida o público a uma experiência sensorial e reflexiva sobre a memória e a atualidade dessas práticas.","Comemorar os 80 anos do Sesc, ressaltando a conexão entre o comércio, cultura, memória e trabalho.

Evidenciar as redes de comércio como símbolos de coletividade, em diálogo com as ações do Sesc na promoção de valores comunitários.

Reforçar o papel das trocas — materiais e imateriais — como fundamentos para a identidade local e para a missão do Sesc de promover bem-estar e cultura.

Envolver o público em experiências imersivas, que conectam passado, presente e futuro.

Engajar trabalhadores do comércio e seus dependentes nas ações culturais e educativas promovidas pelo projeto.","Mobilizar trabalhadores do comércio, dependentes e comunidade, fortalecendo memórias e valores locais por meio de experiências imersivas que valorizam comércio, cultura e identidade.","Acolhimento; Diversidade; Sustentabilidade; Integridade;Excelência; Inovação

Foco na clientela preferencial: Priorizar a participação dos trabalhadores do comércio, seus dependentes e comunidades locais nas ações do projeto.

Participação e escuta ativa: Envolver comunidades e públicos-alvo em processos participativos de pesquisa e valorização das memórias locais.

Atuação em rede: Fortalecer parcerias e ações integradas entre unidades do Sesc, parceiros locais e instituições culturais.

Sustentabilidade integrada: Promover práticas sustentáveis que contribuam para resultados sociais, econômicos e ambientais.

Qualificação e comunicação: Assegurar transparência e divulgação eficaz para fortalecer o reconhecimento do projeto e do Sesc.

Inovação e transformação digital: Incorporar tecnologias e abordagens inovadoras para ampliar o impacto e a experiência das ações.","[""Santa Rita""]","[""Setembro"",""Outubro"",""Novembro"",""Dezembro"",""Agosto""]","[""Trabalhador do Comércio de Bens, Serviços e Turismo e seus dependentes"",""Clientes do Sesc"",""Público em Geral"",""Comunidade acadêmica"",""Sociedade"",""Confederação Nacional do Comércio de Bens, Serviços e Turismo (CNC)"",""Empresas do setor do comércio de bens, serviços e turismo"",""Federações do Comércio de Bens, Serviços e Turismo - Fecomércio"",""Sindicatos Patronais""]","[""Exposição""]","25.000","R$ 864.000,00","[""MEMÓRIA SOCIAL E PATRIMÔNIO CULTURAL - EXPOSIÇÕES - PSC | SANTA RITA"",""COMUNICAÇÃO - PSC | Patrimônio| Sesc Santa Rita"",""APOIO PROGR. FINALÍSTICA - CULTURA - PSC | Patrimônio| Sesc Santa Rita""]",,,
"Projeto Local","[""Memória e Patrimônio Social""]","Salvaguarda do Patrimônio Cultural","Ações mediadas e passeios ","Educação Patrimonial e Turismo Social","O projeto Educação Patrimonial e Turismo Social é uma iniciativa que transforma o patrimônio cultural e a biodiversidade de Paraty em experiências educativas e turísticas que promovem pertencimento, inclusão e uso sustentável do território. Em 2026, as ações conectam os resultados dos levantamentos patrimoniais realizados pelo do Sesc, em ações mediadas através de roteiros orientados ao turismo social e à educação patrimonial com foco no público comerciário e seus dependentes. Essa estratégia integra memória social, saberes tradicionais e ações socioambientais, posicionando o Sesc como agente articulador e inovador na promoção da diversidade, sustentabilidade e do bem-estar dos trabalhadores do comércio e suas comunidades.","Transformar o patrimônio cultural de Paraty em eixo estruturante para ações educativas e de turismo social, promovendo o pertencimento e a valorização do território entre comerciários, estudantes e moradores locais, com base nos levantamentos do projeto Levantes Daqui.","Executar 2 roteiros de turismo social com a clientela preferencial e realizar 4 ações educativas com escolas e instituições culturais.","Valores: Acolhimento; Sustentabilidade; Diversidade; Excelência, Inovação

Foco na Clientela Preferencial – Prioriza trabalhadores do comércio e seus dependentes como protagonistas das ações educativas e turísticas.

Atuação em Rede – Conecta comunidades tradicionais, instituições culturais e parceiros locais para criar experiências colaborativas.

Sustentabilidade – Fortalece práticas sociais e ambientais que garantem a preservação do território e das culturas locais.

Qualificar e Fortalecer as Ações de Afirmação Institucional e Comunicação – Posiciona o Sesc como referência em turismo social e educação patrimonial por meio de ações visíveis e de impacto.
","[""Santa Rita""]","[""Setembro"",""Outubro"",""Novembro""]","[""Trabalhador do Comércio de Bens, Serviços e Turismo e seus dependentes"",""Clientes do Sesc"",""Público em Geral"",""Sociedade""]","[""Ações mediadas"",""Passeios""]","500","R$ 233.100,00","[""TURISMO SOCIAL - PASSEIOS - PSC| Sesc Cabore"",""TURISMO SOCIAL - AÇÕES FORMATIVAS - PSC| Sesc Cabore"",""TURISMO SOCIAL - PASSEIOS - PSC| Sesc Santa Rita"",""TURISMO SOCIAL - AÇÕES FORMATIVAS - PSC| Sesc Santa Rita""]",,,
